question,base,read
섬 정부가 영국 정부가 지시내리기전에 섬에서 모두 쫓아낸 민족은?,와라이 족,"유대인들의 집을 만들어줄 것을 요구하였다. 1936년 필 위원회는 팔레스타인 지구를 유태인 주와 아랍인 주로 나눌 것을 제안하였으나, 이 안은 정부가 진행할 수 없는 문제라는 이유로 기각당했으며, 부분적으로 1936년부터 1939년에 걸친 팔레스타인의 아랍인"
1930년대 흑인음악으로 백인들의 열렬한 사랑을 받았던 재즈의 한 분야는?,경음악이 보급되기 시작했다. 1930년대에 이르러 라틴 음악인,로맨틱 코미디
수사들이 전쟁의 대가로 지은 건물은?,응접실,사세충렬문
미군이 충원되지 않으면 서울이 전쟁 시작 후 2주만에 함락될 것이라 밝힌 문서는?,루이스 곳샬크,국방부 보고서
피렌체파의 대미를 수놓은 사람은?,쿠로다 칸이치,미켈란젤로
루돌로지스트들이 게임에서 가장 주된 것이라 주장하는 것은?,게임플레이,전국통일
코드 서명이 보증하는 대상은?,코드,2019 마운틴듀 글로벌 스타크래프트 II 리그 시즌 1 코드 S 32강
밀란 루키치는 그의 위법행위로 인해 어떤 형을 받았나?,살해,종신형
최재수는 2012년에 어디로 이적했는가?,스타베크 포트발 크빈네르,.
게임 발표회에서 제작기간이 부족했다고 한 사람은?,게임존의 데이비드 산체즈,백선엽
필리프가 왕실에서 쫒겨난 사건의 단초가 된 역사적 사건은?,대량 독살 사건,2월 혁명
할리퀸이 소설 분위기를 미국풍으로 바꿀 무렵 세운 자회사는?,실루엣,토르스타 코퍼레이션
사장이 부하직원에게 행사할 수 있는 권리는 무엇인가?,"기본적 권리, 즉 무엇보다도 먼저 품위 있는 생활을 정상적으로 최대한 누릴 수 있는 권리",어음상의 권리
통대를 뽑을 수 있었던 주체는 누구인가?,육군사관학교,슈워제네거
도스토옙스키를 연구할 때 큰 도움이 됐던 책은?,계미자,조선초 불교의식 연구와 간경도감의 성격 연구
국경일에 일장기를 달아도 반대하지 않을 것이라는 내용을 담은 윤치호의 일기는 언제 쓰여진 것인가?,60년,1919년 10월 1일
현직 추밀원사무처장 웨인울터즈의 선임은?,케빈 G. 린치,제17대 총리
금속을 다루는 능력의 진보가 이루어지며 등장한 대포는 무엇인가?,후장식 대포,대나무 대포
안드레우치오 디 피에트로를 몰래 지켜보던 인물은 어떤 지역 출신인가요?,이탈리아 제노바,시칠리아 여자
제1차 마른강 전투에서 이긴 국가는?,독일,오스만 제국
628년에 새롭게 왕위에 오른 사람은 누구인가요?,브리하드라타 왕조,고려 태조 왕건
박철민이 처음 연기를 시작한 것은 언제인가?,22세,2013년 8월 30일
조선인민공화국에서 최고로 높은 직위에 오른 자는?,에리트레아,"내각관방장관 밑에서 내각관방장관(정무) 및 모든 부대신으로 조직되며 내각관방장관이 주재하고 그 의장을 맡는다.

부대신"
제2함대의 편에서서 다른 문제를 제기한 인물은?,후쿠도메 시게루 중장,라스콜리니코프
여운형이 조동호와 함께 조직한 것은?,고려공산당,건국준비위원회
게요인이 슨푸로 이사간 이유는?,멕시코 독립 전쟁,인질이 된 다케치요(이에야스)의 양육을 위해
클레어에게 오세아닉 815편을 타라고 말한 사람의 이름은?,리처드 말킨,토머스
윤창중이 인턴 직원을 성추행한 것으로 알려진 날짜는?,3월 2일,5월 8일
천왕성에서 계절의 변화가 크지 않은 것은 무엇 때문인가?,빙하의 변화,"가스 행성이기 때문에 실질적으로 이 현상을 관측하려면 천왕성 주위에 있는 위성들의 표면에서 태양을 바라봐야 할 것이다. 이 경우 일면통과 발생 시각 및 기타 여건은 이론적인 시간에 비해 약간 달라질 수 있다.

공식 1/(1/P-1/Q)(여기서 P는 금성의 공전 주기 224.695일, Q는 천왕성의 공전 주기 30,799.095일임)을 이용하면 금성과 천왕성의 회합 주기는 226.347일"
진관희가 짧은 기자 회견을 가진 해는?,1908년,2009년
팔과 다리가 밋밋한 형태인 신체표현은 어떤 시기를 반영한 것인가요?,1728년,삼국시대
조선박물연구회가 공포하고자 한 것은?,〈정우회 선언〉,금지령
누가 시장으로 선출되면서 트랜짓 시티 계획안이 불발되었나?,리처드 J. 데일리,데이비드 크롬비
즈와쓰의 한계 오라력 값보다 필요 오라력 값이 낮은 기체는?,코몬,라이네크
여성 작가들이 언제부터 여성 등장인물에 관심을 가지기 시작했나요?,1990년대 초,1970년
17도선이 '잠정적인 군사분계선'으로 규정된 연도는?,1953년,2014년
유로니우스를 살해한 용의자가 소속된 밴드의 국적은?,네덜란드,영국
디즈니랜드에서 개인회원을 뽑기 시작한 년도는?,1967년,2010년
스위니 토드의 본명은?,겸,벤저민 바커
프랑크 왕족들의 무덤이 있는 곳은?,북부 아크로폴리스 33번 신전 아래,로마
사건 몇 개를 풀 때 마다 아키이시가 아이템을 주나?,이치몬지 하쿠타로,포로
학생이 테스트에서 탈락하고 다시 검증을 받는 과정은 언제까지 반복되는가?,학습자가 정보 통달에 이를 때까지,"차시 학습으로 넘어가기 이전에 그 수준의 정보에 통달하는 단계(즉, 지식 테스트의 90%에 통달하는 단계)"
공식적인 첫 새천년베이비의 이름은?,이태웅,HHV-8
다중 계정 사용자의 판별을 불가능하게 하는 것은?,2차원 도형,특정인 옹호
마지막까지 동래권번에 드나든 동래한량꾼은?,문장원,김철주
부첼라토가 지니는 전통적인 의미는?,가족의 화합,가정
독일에서 외국 영화를 상영할 수 없게 된 연도는?,1971년,1976년
공하류는 어디로 분류되는 것으로 추측하고 있는가?,세룡목,줄기군 절지동물
귀족적인 정치가의 이미지를 탈피하기 위해 노력하였으나 실패한 인물은?,숙향(叔向),이회창 후보
괴수로부터 메구밍을 구해준 사람은 누구인가?,아루에,화황여단 세이운 대장
쇼 자마가 부모에 대한 반발을 계기로 가지게 된 장래희망은?,가수,모델
용수로가 운반하는 것은?,물,목재
호적을 '남'에서 '여'로 바꾼 인물은?,케인,하리수
천자등극설'을 대중들에게 확산시킨 행사는?,‘제1회 공간 전통음악의 밤’,닌텐도 스페이스 월드
전반전이 6분이 지난 후 골을 넣은 선수는?,양승원,오세아누 다 크루스로
19세기 후반의 장갑함에 사용된 화포 형식은?,노포탑(露砲塔),제2차
타격이 시작되는 것은 대상이 어디에 나타날 때인가?,변경 변화,투사체의 궤적
<어린이와 가정을 위한 이야기>는 원래 몇 편의 이야기로 구성되었나?,86 편의,156편
금기시된 소재를 다룬 소설이 출간된 해는?,2011년,1988년
공소권이 사라질 경우 무엇에서 벗어나게 되는가?,광,군대의 지휘
총선에서 듀이를 꺾은 사람은?,프랭클린 D. 루스벨트,스타일스 브리지스
석가모니 부처가 태어난 곳은 어디인가?,바이샬리에,보광여래(普光如來) 밑
헌재 결정에 대해 적극적으로 동의한 당은?,사민당,민주당
보니파시오가 캔터베리 대주교에게 권고 서신을 보낸 적 있다고 말한 사람은?,골룸바노,황리페이 박사
에센의 시장에 하이네만이 당선된 해는?,1946년,2012
토산물을 착취하는 등과 같은 업무의 명목은?,'마녀 감옥',공물법
베트남전 진실위원회 이후에 세워진 단체의 대표는 누구인가요?,"올렉산드르 다닐류크였다가, 이후에는 키예프의 시장인 레오나드 체르노베스키",노화욱
17세기 피쿼트로부터 독립하여 모하칸족을 만든 사람은?,모히칸족,를르네 지카르트
표준어 보급으로 오키나와현에서 고사될 위기에 있는 언어는?,원주민 언어,유럽어
피아노 협주곡 5번의 첫 공개 초연이 이루어진 해는?,1796년,1830년
1876년 일반 투표에서 틸던에 패배한 인물은?,러더퍼드 B. 헤이스,헨드릭스
통진당을 해산시킨 결정을 인정한다고 직접 말한 인물은?,최종훈,김이수 재판관
펌프가 발매된 해는 언제인가?,2004년,1939년
양산이씨 종가가 보유한 왕지 중 양산이씨의 시조와 관련한 왕지는 몇 점이 있는가?,4점,왕지 1점
미치류가 해안가를 통해 다른 곳으로 이동했다는 주장을 뒷받침하는 것은?,뿌옇고,물적 증거
신립이 스스로 목숨을 끊은 곳은?,포항교도소,서울 송파구 잠실동 자택
일제강점기 당시 형조와 같은 역할을 한 기관은?,법무부,한성부
《서편 삼층석탑》은 어느 지역의 유형문화재로 지정되어있나요?,강원도,서울시
이유립씨가 1970년대 중반에 본인의 글을 기고하기 시작한 곳은?,'나의 플레이톡',경주고적보존회를 거쳐 경주박물관
헌터가 조지아에서 지시한 사항은 무엇인가?,베리아,노예를 해방
진시황이 죽은 이후 황제의 자리에 즉위한 인물은 누구인가?,카루스,호해
타코벨을 한국에 세 번째로 도입한 회사는?,피자헛,"보드가야 보리수나무는 석가모니 부처님이 득도한 보리수나무의 씨앗을 채취해 묘목으로 키운 것으로 태국과 스리랑카에 이어 한국에 세 번째로 선물했다. 인도 정부는 이 인도보리수가 석가모니 부처의 현신과 같은 존재로 여겨 함부로 나무를 증식하는 데 반대한다. 

2019년 2월 22일, 나렌드라 모디 인도 총리가 한국을 국빈방문해 문재인 대통령과 정상회담을 했다. 인도 정부는 김해시"
네델란드와의 친선 경기에서 유일하게 골을 넣은 선수의 소속팀은?,몽펠리에,도르트문트
로마의 인력 수급에 중요한 역할을 한 나라는?,그리스,이집트
린후이인이 원래 진학하고 싶어했던 과는?,미술과,사회학부
이무훈에게 살해당한 인물의 직책은?,영역,황제
아나톨은 언제부터 작성되었나요?,1932년,1887년
이보담은 어느 절에서 스님이 되었는가?,봉원사,금강산 보광암
독일의 식민 지배는 언제까지 지속됐는가?,1918년,1960년 초반 아프리카인들의 독립 이전
러시아가 동원령을 내린 것은 어느 나라를 견제하기 위해서인가?,만주,프랑스
소설 <형제>의 작가가 태어난 지역은?,충남 부여,뉴욕시
티칼왕조의 창건자는 몇 번 무덤에 묻혔다고 알려져있나?,'약스 엡 쑤크',킨초 알도브란디니 추기경뿐만 아니라 티론의 백작 휴 오닐도 이 성당에 묻혀 있다.
부부가 딸을 차에 태운 곳은?,창문 바깥 발코니 턱,목포
시켈리아 원정을 기획한 국가는?,일본,아테네
슈파이어 대성당 2차 축조시에 가장 우선순위로 고려했던 천장 건축 방식은?,중세 양식,그로인볼트로
누아다가 오른손이 없는 이유는 누구 때문인가?,엄마,마귀
너비아니에 돼지고기를 사용한 시대는?,조선 후기,1970년대
인간에게 불타는 느낌의 아픔을 주는 것은?,전염병,V-칩
오늘날 양치식물이 다 자랐을 때 최대 높이는 몇 미터 미만인가?,3미터,30m
틸의 삼촌댁 방문을 걱정한 인물은?,어머니,주은래도
보닌이 살인 혐의로 체포되어 받은 형벌은?,종신형,자동차 절도죄
질량을 킬로그램으로 정의하는 단위 규칙은 무엇인가?,미터법,1u
19세기 가곡이 성행하는 데 큰 역할을 한 인물은?,슈베르트,미네젱거나 트루바두르
워렌이 스스로 영화를 제작할 수 있음을 입증하여 승부에서 이긴 상대는 누구인가?,스털링 실리펀트,안토니우 호드리구
헨리 5세가 1415년에 프랑스 북쪽을 공격하기 위해 동원한 군사는 몇 명인가?,"약 12,000명","12,000명"
Yoo Doo Right이 수록된 앨범명은?,Jazzy Ivy,1집
고스자쿠 천황이 사망한 연도는?,1185년),1045년
베언트 푀어슈터 덕분에 얻은 페널티 킥을 누가 하였는가?,입사,플라티니
장면이 정치보복에 반대하는 입장에서 처벌을 원치 않은 대상은?,사망한 사망자의 유가족들,황제
상하이의 북역과 남역 모두를 자유롭게 타기 시작했던 해는?,1908년,1916년
10세기 초에 글라골 문자와 그리스 문자를 이용해 새롭게 만들어 낸 문자는?,브라흐미 문자,키릴 문자
모스크바로 가기 위한 여권이 필요한 사람은?,노르딕 국민,현지인
자신의 사리사욕만 채우며 무능했던 진나라의 황제는?,2세 황제,유스티니아누스 1세
베단타 학파와 차르바카파는 무엇을 기준으로 나뉘어졌나요?,나스티카,힌두교
2008년에 니콜리치와 대선에서 맞붙어 승리한 인물은?,보리스 타디치,존 쿠푸오르
속리산에서 임경업 장군의 설화가 깃들어있는 곳은 어디인가?,입석대,보은
레빌 장군은 무엇이 없었기 때문에 실망했나?,허튼 V. 화이트 대령,'검은 3연성'
2010년 국가대표팀 훈련에 참가한 이다혜가 독일로 돌아가게 된 이유는?,우루과이 국적의 호르헤 라리온다,학업에 집중하기 위해
산악 자전거 프리 라이드 부문에 출전하는 마틴 소더스트롬이 이용하는 제품은?,스페셜라이즈드의 P 시리즈,P 시리즈
스탈린그라드의 소련군 중 사정이 나았던 부대는?,추이코프의 62군,B 집단군 예하 6 군
보닌의 흉터는 어디서 만들어졌을거라 추측되는가?,아구라,프리웨이 킬러 피해자
낮에는 어떤 바람이 부는가?,16 °C를,선풍기
공격적 현실주의와 대비되는 고전적 현실주의를 설파한 인물은?,우드로 윌슨,모겐소
수증기가 물이 되는 과정에서 가해지는 것은?,압력,열기
야전의 전투 제한 시간은?,1시간 30분,반분
노동운동 단체가 소멸하기 시작한 연도는?,1947년,2003년
모세상은 누구를 위해 만들어졌었는가?,하나님,종
프리비슬린스키 크라이는 어느 나라에 소속되어 있었는가?,아라크노포비아,러시아
과거 우리나라의 전국지는 어디서 출간되었나?,일본신문(朝日·每日·日本經濟·産經新聞)들은 현재 동경,서울
<구해줘> 바로 이전에 출간된 책은?,<<조기천 전집>>,《완전한 죽음》
강희제가 310 마리의 토끼를 사냥하려면 얼마나 걸리는가?,하루,583
이회광이 이용구의 추천으로 원종 고문 자리에 세운 사람은?,일본인 승려 다케다 한시(武田範之),다케다는
우치쿠라노 이시메가 작성한 내용이 실린 기록은 무엇인가요?,사이언스 지에,《소우기》(小右記)
앙드레-귀스타브 시트로엥이 만든 기업 이름은?,제너럴 일렉트릭,자동차 회사 시트로엥
아랑을 살해한 사람은?,오원춘,천연두
크리스티앙 드카스를 포로로 잡은 인물은 누구인가?,토마스 헌트,따끄옥루앗
클린턴이 대통령 선거 초반에 내걸었던 정책은?,군대 내 성소수자 권리 정책,외교정책
정치적 코미트를 담고있는 작품은?,《몬트리올시 창설자에 대한 오마주》,『일곱 건의 살인에 대한 간략한 역사』
다키스트 던전을 만든 회사는?,골드만,웨스트우드사
와그너법령이 통과된 해는?,1934년,1999년
조선수군의 길목을 차단하기 위해 일본군이 설치한 왜성이 위치한 장소는?,남해안,가덕수로
도플라밍고가 해군에 체포되기 전에 서로 싸웠으며 그가 현상금 3억 베리를 건 인물은 누구인가?,우솝에게,리쿠 돌드 3세
동맹을 맺음으로써 헝가리는 자유를 비롯해 무엇을 잃었나?,독립,"호르티의 아들을 납치한 후 헝가리의 항복을 받아내자 독일은 호르티를 배반자로 취급하며 1944년 10월 11일에 납치한다. 헝가리는 같은 해 12월 31일 독일에 선전포고를 하지만, 화살십자당"
해적중의 활동을 승인한 것은?,무로마치 막부,한국여자농구연맹
대가족제도에서 차별의식을 더욱 강화시켰던 문화는?,유교문화,앵글족의 문화
보디 스타킹에서 봉제되지 않은 부분은?,나비,국부 부분
경신자오단오제가 지금의 이름이 되기 직전의 명칭은 무엇이었는가?,히포캠프(Hippocamp),"""소토보 선"""
잘리어 왕조의 초대황제 이름은?,무함마드 6세,콘라트 2세
나가시마에게 감독직을 맡아줄 것을 가장 열렬히 부탁했던 팀은?,요미우리,요미우리 자이언츠
쿠챤과 밀로셰비치의 협의에 대해서 작성한 작가의 출신국가는?,세르비아,미국
히키코모리가 유독 많아졌던 세대는?,2000년대,젊은 시절
장하준 교수의 한국경제에 대한 생각에 대해 반론한 김상조 교수의 저서는?,《나쁜 사마리아인들》,‘그들이 말하지 않는 23가지’
필리포스 5세와 영토를 공유하기로 합의한 사람은?,클레오파트라 에우리디케,안티오코스 3세
무관학교를 설립한 인물은?,정윤영,태황제
바이츠만은 어떤 나라를 향해 밸푸어 선언을 했나요?,스뮈츠는,시오니즘주의자들
navigation'이 올라온 사이트는?,게임스비즈(GamesBids.com),"오픈 허브(Open Hub, 과거 올로(Ohloh))"
삼길암 목조관음보살좌상이 조성된 해는?,1758년,1726년
베이핑-톈진 전투가 시작된 연도는?,2010년,11월
리자베타가 꿈 속에서 들었던 장소에 실제로 찾아가 발견한 것은?,남자의 시체,꽃
아르튀르가 베르린과의 연애생활을 한 경험을 쓴 시집이름은?,"""일천 동지들에게 고함""",새 영어 찬송가집
화물과 배가 시내 가까이에 갈 수 있는지의 여부를 정하는 기준이 된 문서는?,P 문서,건강증서
파라메스와르가 해적의 도움으로 세운 나라는?,믈라카 술탄국,오스만제국
스위스가 월드컵에서 이긴 나라는?,이탈리아,독일
보덕이 전주 도달산에 세운 절은?,경복사,일락사
신혜왕후가 묻혀있는 지역은?,보성,보정(寶頂)
엔도에게 차키를 돌려주려던 사람은？,나츠키(에스미 마키코),카에데 소이치로
갈릴레오 호 직전에 관측을 진행한 발사체의 이름은?,카시니 탐사선,갈릴레오 호
정치 형태를 홍보하려는 목적으로 류경 스마트폰에 내장된 책의 이름은 무엇인가?,폭풍마경4,삼흥
최초로 공산주의 정당을 제외한 선거 이후 메리가 맡은 직책은?,댄서 제리 트레버스,사회주의통일당(SED) 서기장이
월드컵에 출전 한 다른 나라에 비해 대한민국 선수들이 강하지 못한 부분은 무엇인가?,네덜란드,독일
불보살이 천도할 대상은?,세지보살,망자
퀵실버(영화)에서 집시를 고가도로에서 추락시킨 사람을 연기한 배우는?,하정우,쿠니스
위트레흐트 육군 군의학교가 폐교된 해는 언제인가요?,2004년,1875년
코르비니아노가 비판한 인물은 누구와 혼인하였나요?,그리모알드,최윤례
아랍 연합 공화국은 어느 국가를 상대로 전쟁을 벌였는가?,크리스톱시스,이스라엘
제6군이 18일 동안이나 대기해야 했던 장소는?,칼라치 전방 약250km 지점,브룩 육군의료원
후방에 배치된 돈 후안 호세 나바로의 함대의 배는 몇 척인가?,230척,12척
메리의 사촌은 어디에서 영웅으로 활약하기도 했나요?,소비에트 연방,샬러츠빌
티나헤로가 아칸바로의 유적을 날조한 것이라고 주장한 인물은?,데이 페소,고고학자 찰스 디 페소 (:en:Charles C. Di Peso)
목포근대역사관 본관의 건축 양식은?,르네상스 양식,프랑스 식민지 시대 양식
텔 아파르나 키프리를 탈환하기 위해 계획 중인 집단이 소속된 나라는 어디인가?,ISIL,IS
안채와 사랑채 사이에 있는 장소의 앞면은 몇 칸인가요?,3칸,7칸
군자면에서 당 선전으로 활동한 사람들의 직업은?,초등학교 교원,국회의원
타입 2 가이아 메모리을 만든 집단은?,재단 X,"""자프트"""
처음에는 후짱을 반대했지만 마지막에 후짱의 도움을 받은 인물은?,프리큐어들,오카모토
타누당(TANU)를 설립한 인물이 태어난 해는?,1917년,1922년
대학원에서 수업을 듣던 시절 소설을 출품하던 곳은 어디었는가?,구인회의,교지 편집부
고구려에 크게 지고 그 전쟁때문에 병이나서 죽은 당나라 왕은?,수 양제(煬帝),당 태종
알키온의 주교 자리를 빼앗은 사람은?,알베리크 2세,어윈
시바사키의 이전 소속 부서는?,경시청,안기부
중국 국민당정부의 도움으로 1932년 설립된 교육 기관은?,군사위원회,조선혁명간부학교
강요에 의한 개혁이 아니라 긴 기간 동안 의회의 권한을 키운 국가는?,영국,미국
국부 제거술로 인한 환관지망생들의 사망률은?,80~90% 확률,1/1000
군부세력들이 어떤 상황을 빌미로 쿠테타를 일으키려고 했나?,사회적 긴장,메이오 정변
진평공이 통치할 때 망해서 사라진 가문은?,다테 가문,피에스키 가문
아델리 펭귄의 목숨에 지장을 주는 사람의 업종은 무엇인가요?,신사용 양품 가게,해운업
베토벤이 받았던 후원 요금을 칭하는 단어는 무엇인가요?,"""판(van)""","""연금"""
"고석포, 장군석, 할망바우라는 이름을 가진 바위는 무엇으로 유명한가?",2,암굴의 바위
석조지장보살상이 조각되지 않았을 것으로 추정되는 시기는?,17세기대로,303년
보스턴 차 사건이 발발한 년도는?,1721년,1773년
논문으로 플라톤주의의 허점을 언급한 사람은?,폴 베나세라프,테그마크
작센군과 오스트리아군은 함께 어디를 공격할 예정이였나?,베를린,호크키르히(Hochkirch)
1994년 FIFA 월드컵 당시 대한민국 축구 대표팀의 감독은 누구인가?,거스 히딩크 감독,오카다 다케시
인천상륙장면의 재촬영에 소요된 금액은?,120일,4000만 달러
윤치호의 아내는 누구의 부인을 방문했나?,서재필,"마수진, 백매려"
사관학교에서 졸업을 할 때 던지는 물건은?,군복,오버
팬들이 스스로 만드는 상품을 뭐라 하는가?,공식 굿즈,'비공식 굿즈'
동인이 본격적인 세력을 잡은 때는?,1970년대 전반,1856). 학자에의 길을 닦았으나 만족할 수 없어 잡지 <여명>의 동인이 되고(1859
"콜드게임 중 어떠한 계기로 인해 잠시 중단된 뒤, 익일에 게임이 진행되는 것은?",짙은 안개,신해철의 갑작스런 사망
유심 교수가 오랫동안 인터뷰를 해온 자들은?,정신장애인들,서울 진선여자고등학교 교사
실제 상황을 이해하려면 몇 차원 상자 속 입자 문제를 풀어야 하나?,3,3차원 상자 속 입자 문제
평등과 복지 사회를 이루기 위해 필요한 것이라는 선전 하에 행해지는 것은?,성교,'로자바 혁명'
제2캐나다기갑여단이 상륙한 곳은?,디에프 해변,라부안 섬
에스토니아는 희망을 가졌는가' 를 발표한 인물이 리투아니와 협력한 떄는?,연설,렌나르트
결론에 표시하지 않는 개념은?,개념적인(conceptual),표준 입력
현대 식물원은 언제 오픈되었는가?,1788년,1989년
리파리 섬을 공격했을 때 아테네의 군사근거지 위치는 어디였나?,피레우스(Piraeus),레기온
"1980년부터 1985년 사이, 미국달러가 세계 중요 4대 통화에 대해 50% 정도 평가절상된 이유는?",경제대공황,미국 긴축정책
함세환은 어느 군대에 스스로 입대하여 전투에 참여했나요?,아브네레제크 전투,인민의용군
연합 함대가 국지 경비 부대와 해상 호위 부대의 인재 육성을 경시해 일어난 결과는?,공급 경시,레이테 해전
스페인령 아메리카에서는 누구의 공격에 대응하는 것이 주요한 문제였나?,영국,프랑스
이대우를 중심으로 모인 학생들은 무엇에 항변하기 위해 시위대를 조직했는가?,일본인 교사들,생체실험
호르몬의 주요 생성장소가 위치한 곳은?,내장 지방,코펜하겐
볼세비키에 참가해 볼세비키의 군적 역량을 강화시킨 사람은 누구인가?,레온 트로츠키,이종린
암컷류가 수중에 생식을 하거나 알주머니를 다른 물체에 붙이는 생식 방법은?,체외수정,유성생식
단어 '토레혼'의 어근은?,'거대한 탑',음성상징적 동사
"손턴 와일더 사후, 최고의 명작으로 손꼽히는 작품은 무엇인가?",오군태수(吳郡太守),<밤으로의 긴 여행>
투자 초기 비용보다 매출액이 적더라도 흑자로 판단할 수 있는 기준은?,방출 기준,상대적 손실 가치
최고령 초등학생으로 기네스북에 올라있는 사람은?,탠,알프레드 베버
초등학생 일기검사의 인권침해 여부를 판단하는 주체는?,교육인적자원부,국가인권위원회
마'를 피하기 위해 살몬 신전을 보낸 곳은?,라면,천공
법맥과 전등을 중시하면 스승없이 깨달음을 얻을 수 없다고 주장한 사람은?,성철(이영주),성철
정중부의 난 이전 병권을 장악한 집단은?,권문세족,명나라
불상에 대한 정보가 적혀있는 것은?,향좌측상에서 발견된 불상발원문,압수된 경비 장부
오두막의 첫 손님은 어떤 물건을 활용해 자살했는가?,수면제,채광창
프랑스군은 마렝고에서 어떤 나라의 군대와 마주하였나?,영국,오스트리아
첫 도입 당시 1013개가 있던 것은?,4개 국무경,249개 기업
병으로 인해 피렌체의 수많은 사람들이 죽어갔음을 언급한 사람은?,권태훈,요한
윤치호가 송도고등보통학교의 네 번째 교장을 맡게 된 해는?,1929년,1941년
"마오리언어와 영어, 뉴질랜드 수화를 공식 언어로 사용하는 나라는?",뉴질랜드,국제 수화
오스트레일리아의 새로운 개혁정책은 주위 어느 나라에 영향을 주었는가?,영국,전세계
통근특급이 걸림돌인 노선과 서로 평면교차하는 노선은 어디인가?,모노레일,트렌턴 선(Trenton Line)
밀러허긴스가 법학을 전공한 곳은?,신시내티대학교,빈 대학교
합동조사반에 의하면 사고의 원인에는 과적 외에 어떤 것이 있는가?,가설 지주 버팀대 기초,정원 초과
셀레우쿠스에게 왕좌를 계승받은 사람은?,안티오쿠스,기게스
미시시피 강으로 인해 멕시코 만류가 생겼다는 주장이 힘을 잃은 이유는 멕시코 만류가 무엇으로 알려졌기 때문인가?,세계 최대의 해류,세계 최대
맥국이라는 명칭을 알린 사람은?,운정동,시드니 반 덴 버그
학생들이 일본인 선생들을 몰아내기 위해 동맹휴학 시위를 일으킨 해는 ?,1924년,1929년
캐릭터의 다친 장면이 유일하게 나오지 않는 단계는?,레벨 업,해 (지지)단계
화순 유마사 해련탑은 누구의 무덤인가요?,왕,"화순 최씨의 종중 재실로, 최한정(1427∼1486)과 그의 아들인 최중온"
루이가 사망하게 될 원인은 무엇인가?,요로감염증,불치병
이토 히로부미가 정치적 대립관계인 오쿠마 시게노부에게 준 관직은?,외무대신,추밀원의장
폭스바겐이 곤충명을 이름으로 지은 차량은?,"""실버 버드(Silverbird)""",컨셉트 C
대원씨아이가 어떤 회사와 계약하여 한국에서 뉴타입을 출간할 수 있었나?,일본 가도카와 쇼텐,무역 회사
여운형이 경성헌병대에서 풀려난 날짜는?,9월 12일,8월 18일
알렉스의 직업은?,강력범죄 특별수사관,변호사
중국 공산당원과 가족의 미국 입국 금지 방안 검토와 관련된 마이크 폼페이오 장관의 입장을 보도한 언론은?,뉴욕타임스,미국의 소리 (VOA)
역할을 가장 먼저 구체화 시킨 사람은?,를르네 지카르트,브라이언
이용문이 육군본부의 장교들과 의견을 나눴던 곳은?,간인노미야 고토히토,스위스 몽페를랭
미네소타주 경찰이 오마르 히메네스를 체포한 날짜는 언제인가요?,네스를 속여서 탈주했다.,5월 29일
윤락행위등방지법이 전문 개정되었던 해는?,1961년,1902년
사회민주주의와 민주사회주의를 합친 사상을 가진 집단의 우두머리는 누구인가?,요시노 사쿠조,세르게이 미로노프
체임벌린에 의해 무역부의 회장 자리를 받게 된 사람은?,스탠리 볼드윈,서재필
어머니를 죽음에 이르게 한 것은 아들이 무엇처럼 행동했기 때문인가?,주정뱅이,손님
세니와 대국 사무관들은 어느 편과 힘을 합치기로 했는가?,아야 한다는 것이다.,당파
연구자들이 설계된 실험실을 이용하는 것은 무엇을 위해서인가?,전세계의 모든 악성 바이러스,우주 인공 기지
주인규는 무엇 때문에 스스로 생을 마감하게 되는가?,영자가 쏜 총,불의의 교통 사고
2008년 당시 몰디브의 부통령은?,와히드 박사,앨 고어
Music Box앨범 이후 다음 앨범의 작업을 시작한 연도는?,2004년,2005년
코코넛으로 인해 매년 사람이 죽는다는 설화를 인용한 인물은?,상어 공격 전문가,피터 발스 박사
인쇄사전에서 쉽게 읽히게 하기 위해 사용하는 것은?,약물,EM 알고리즘
인간에게 가장 익숙한 크기의 개념은 무엇인가요?,인체의 치수,공기
급전궤도는 보통 무엇으로 만들어져 있는가?,도로면,노주(露柱)
"한중을 공격 시, 군량과 운송이 속한 조조의 부대는?",중군,관중군
경서교회를 설립한 사람이 태어난 도시는 어디인가?,평안북도 의주읍,전라북도 전주
외국인 근로자 고용 등에 대한 법률'의 목적은?,고용허가제,‘외국인 근로자 고용 등에 관한 법률’
장정기가 들어있는 우산이끼의 가지는?,이끼,"우산이끼는 암수딴그루로 봄에서 여름에 걸쳐 생식 기관을 만드는 가지(자기탁(암그루)·웅기탁(수그루))가 생기는데, 이들은 엽상체의 일부가 변형된 것이다. 자기탁은 3-5cm 되는 자루 끝에 손가락 모양을 한 8-10개 정도의 돌기가 방사상으로 나와 있는 구조를 이루는데, 돌기와 돌기 사이에는 몇 개씩의 장란기가 생긴다. 한편, 웅기탁"
이타미 역이 종착역이었을 때 존재했지만 지진 이후 없어진 것은?,건늠선,"""통근 전용 출구"""
높은 기온과 과식으로 인해 유발되는 증상은 무엇인가?,동상,갈증
히틀러의 권한을 합법적으로 확대시켜준 국가 기관은?,미국 정보부(OSS),독일
가톨릭 교회에서 주교에게 '최고사제'의 자격을 주는 직함의 이름은?,서방 총대주교,"""야코부스 바라데스"""
퍼시벌에게 앙심을 품고 총을 쏜 인물은?,버논,아와드 나바브 슈자 웃다울라
레르도의 군대가 디아스의 군대에게 대패한 곳은?,테코아쿠,탄호아 지방
어버이새가 새끼들의 먹이를 보관하는 곳은?,위장,복강
매우 센 중력에 의해 빛이 탈출하지 못하는 천체는?,블랙 홀,블랙홀
국내무사가 체포 활동에 참가한 것은 무엇 때문인가?,악천후,계곡 전역에서의 긴장
주권재민의 원칙은 어디에 명시되어 있는가?,헌법,프라하 선언
공원으로 변화되는 곳은?,다운타운,유즈키 성터
일부 볼펜에서 잉크가 비교적 빨리 건조되기 위해 사용되는 것은?,하이브리드 잉크,가압 카트리지
"베니 간츠가 리쿠드당과 같은 노선을 밟겠다는 입장을 표명한 이후, 청백당을 나갔던 인물은?",예시 아티드랑 텔렘당,가 베냐민 네타냐후
태사 백은 환공의 질문에 왜 남쪽이 부적절하다고 답하였는가?,반나절,서쪽
베르니이헝 조약이 체결된 해는 언제인가?,1905년,1961년
총 14만 명의 인도인들이 영국 전쟁의 지원을 위해 보내졌던 곳은?,유럽의 서부 전선,BBC 텔레비전 센터
할릴자드 대사와 정치적 이야기를 나눈 아프간 대통령은?,하미드 카르자이,블라디미르 푸틴 대통령
몇 년간의 전쟁을 통해 '귀방'이라 불리는 이민족이 정벌되었는가?,2008년,경쟁
적이 항복 의사를 밝히며 다가오고 있음을 대대장에게 보고한 사람은?,제5중대장 김상흥 대위,제7연대장 임부택
붉은자이언트날다람쥐 암컷의 일 년 평균 번식 횟수는?,한 번,여름
1919년 정광조의 보직은?,총독부 정무총감,뮌헨의 제1바이에른 보병연대의 중대장
상류 부르주아의 정치 독점을 불러일으킨 체계는?,자본주의적 소유 구조,91년 체제
진홍빛 장미가 만들어진 원인을 제공한 자는?,나이팅게일,비너스
김옥균이 암살을 피하기 위해 돌아다닌 곳은?,도쿄의 윤락가,도심 한복판 강가
판 호이동크에게 어시스트를 해준 선수는?,세르게이 곤차르와 함께 알렉산드르 오베치킨,스테판 세세뇽의
임경업 장군이 도를 닦은 곳으로 알려진 곳은?,입석대,영산사
전쟁에서 군인들의 삶을 보여주는 주요 등장인물은 누구인가요?,안드레아스,민씨 척족과 명성황후
핀란드의 원주민들이 부족사회에서 벗어난 것은 언제인가?,1917년,.
창원평야 구릉의 평평한 지형에서 발견된 흔적을 통해 성이 언제 지어졌다는 것을 알 수 있는가?,6세기 경,1770년대
날개 앞쪽으로 연꽃을 들고 있는 인면조가 그려진 백제의 유물은 무엇인가?,동탁은잔(銅托銀盞),동탁은잔
임규남이 병원에 입원하는 바람에 해고 당한 직장은?,치차 직장,외과 의사
화재에서 인종을 구한 공으로 귀인으로 직위가 오른 사람은?,적대,숙의 정씨
쓰루가 방면의 신쾌속 열차가 특급 선더버드 호의 추월을 위해 대기할 때는 언제인가?,오미이마즈 역에서 병결 및 분리를 하는 동안,중간역
횡령 범죄자 조니를 체포한 요원은 누구인가?,램버트,미국 기병대
관음정사 존상은 무엇으로 만들어졌나요?,석재,지장보살상
버섯왕국의 피치 공주를 납치한 악당 거북의 이름은?,"쿠파(クッパ, Bowser)",쿠파
헌제는 추격을 당하다 누구에게 도움을 청하였나요?,황조,에이리크
슈타우펜베르크는 들 것에 실려나온 사람이 무엇을 덮고 있는 것을 보고 히틀러의 죽음을 단정했나?,서류 가방,히틀러의 외투
프리덤 건담의 이름을 지은 사람은?,라크스 클라인,바바 토시아키
윤치호가 사촌동생을 통해 만나려고 했던 인물은?,피아니스트 윤기선,패로
튀폰의 아버지는 누구인가?,가이아,브로드
국민회의 측이 비판한 대통령의 발언은 언제 한 발언이었나?,1995년 8월,지난 24일
아시노 호가 만들어진 원인은 무엇인가?,홍수,하코네 산의 화산 폭발
"조청상민수륙무역장정중의 8개조중, 장정의 개정에 대한 조항은?",제7조,제8조
강현의 아들 이름은?,김병팔,아킬레우스
레이크가 가장 큰 영향을 받았다고 한 작품의 이름은?,보러블 3부작,메탈리카
철툇자루를 제작하는데 주로 활용된 재료는?,쇠고리,자갈
베토벤의 귀 상태가 악화된 연도는?,1827년,1802년
양인 전투에서 손견군과 충돌한 부대는?,유표군,미군 제29보병연대
"본인의 일에 진중하게 임했고 많은 것을 연습했지만, 자신의 옷차림에 불만을 제기했던 인물은?",타오,를르네 지카르트
도쇼구 역의 승강장은 몇 층에 있는가?,지상 1층,"윗층에, 외곽 방면 오렌지 선 코트베르튀와 녹색 선 앙그리뇽 방면은 아랫층"
청구취지는 밝히는 방법은?,주문에 대응하는 형식,과학적 방법
1998년 5월에 리치먼드와 함께 워싱턴 위저즈로 팀을 옮긴 사람은?,크리스 웨버,오티스 소프
사이트에 올라오는 콘텐츠를 검열하는 주체는 누구인가?,퍼블리셔,보안 업계
2012년 런던 올림픽 결승전에서 리네르에게 패한 사람은 누구인가?,미하일린,헬렌 오비리에
유달산에서 다도해 절경을 볼 수 있는 바위는 무엇인가?,228m,일등바위
알레르기를 관리하는 계획에는 어떤 호르몬을 투여하는 것도 포함되는가?,hCG (human chorionic gonadotropin)가 포함된 Pregnyl,아드레날린
인민군이 세르비아를 확장하는 쪽으로 돌아서게 만든 사람은?,밀로셰비치,안익조
종교 개혁 전 영국에서 인기를 끌었던 헌신은?,32,마리아의 다섯 가지 기쁨
미자르는 무엇의 일부인가?,왕국,큰곰자리 운동성군
키요미와 자신이 아끼는 2명을 지키기 위해 목숨도 아까워 하지 않은 사람은?,지크 예거,라르손
한국에서 음식을 올려놓을때 쓰이는 세간의 이름은 무엇인가요?,'규곤시의방',코카나무
<바다의 일꾼들>이 나온 연도는?,2006년,위고의 망명기에
대한민국 보물 제 1540호를 보관하는 장소는 어디인가?,서강대학교 도서관,직지사 비로전 앞
유령'은 어느 행성에서 지구로 왔는가?,금성,갈리프레이 행성
노르웨이 노르카프에서는 어느 계절에 백야를 항상 볼 수 있나요?,여름철,마롱
레이가 골트 이후에 사용한 가짜 이름은 무엇인가요?,카밀로 골지(Camillo Golgi),"""에릭 스타보 골트"""
미종예의 전신은 무엇인가?,육군사관학교,정무체육회
처음으로 염색된 섬유가 발견되었던 장소는?,에케클러스,드주드주아나의 동굴
예수의 테오토코스에 대해 부정적으로 인식했던 인물은?,네스토리우스,게자 베르메스
107고지를 처음 함락시킨 부대는?,북한군,좌일선의 제1대대
미자가 일을 때려친 것은 누구 때문인가?,북한군,강 노인
윤치호가 고종 독살설을 믿게된 것은 누구 때문인가?,사돈인 한진창,한진창
아즈마의 초기 명칭은?,'영혼의 의식',빛의 경기장(Stade des Lumières)
고구려와 당나라 사이에 4대 전투 중 유일하게 다른 해에 일어난 전투는?,금산전투,"신성,건안성 전투"
비자나무의 열매는 어떤 증상을 치료하기 위해 쓰이나요?,기생충,동맥경화증
연방군의 레이다를 무력화시킨 화학무기는?,'검은 3연성',특수 미사일
하나를 철거하면 열을 건다' 운동에 사용된 플랜카드의 내용은?,'마카오도 참된 보통 선거를 원한다','나는 참된 보통 선거를 원한다 (我要真普選)'
자미토프가 개혁을 강행하기 위해 설립한 사병 집단은?,라인하르트 연대,특수부대「티탄즈」
2012년에 공금횡령의 죄목으로 김모씨의 긴급 체포를 진행한 집단은?,광주지방검찰청 순천지청,전라북도청
신돈의 어미니는 어느 곳에 소속된 노비인가?,절,동지밀직
19세 이하 남녀가 한국대표로 참가할 수 있는 대회는?,2008년 동아시아 축구 선수권 대회,리틀 미스 루미에르 인터내셔널 월드대회
용병회사의 경기가 좋아진 것은 무엇이 끝난 이후부터인가?,냉전 종식,월드컵
삼한총왕설의 근거를 제공한 서적은?,<삼국지>,『열린 사회와 그 적들』(The Open Society and Its Enemies)
2016시즌 당시 테일러는 누구 대신 주전이 되었나?,공민현,이지 크리스천슨
카쿠와 로브 루치의 현재 신분은?,자루트부 보르지기트 부유란,CP0의 요원
오에카키라는 이름의 모티브는?,OekakiBBS,'불고기'
무엇이 창 아래에 설치되어 표시기가 한 개 늘어났는가?,승무원실 칸막이 출입문 창,쉴드 빔
에이몬 b. 킹을 파견한 사람은?,마차를 끄는 소부대,"제임스 패닌 대령과 그의 병사들은 옛 프레시디오 라 바이아 요새를 보강하여, ""디파이언스 요새""로 이름을 바꾸었다. 초기 교전에서 프랜크 W. 존슨과 제임스 그랜트 지휘 하에 텍사스군이 포로로 잡혔다는 비운의 소식은 골리아드에 모인 지원병들에게 자극을 주기는커녕 오히려 혼란시켰다. 설상가상으로 우레아 장군의 진군으로 반란을 지지했던 정착민이 위기에 처해있다는 것을 패닌은 알았다.\n\n3월 10일, 그는 남겨진 가족을 구출하고 골리아드로 안내하기 위해서"
미국 국민들이 일본 대지진에 대한 관심을 갖도록 만드는 데 도움을 준 미국의 인물은?,토머스 제퍼슨 대통령,찰스 헨리 리
광운전자공과대학 이전에 사용되던 명칭은 무엇인가요?,Vytautas Magnus,'관훈동 이진승가옥'
사라스테의 후임은 누구인가?,마놀로 비야노바,존 히켄루퍼
여호와가 기드온의 조상을 어디에서 구해냈는가?,애굽,오하이오주 데이턴
가트나는 2020년에 사물 인터넷 기술을 사용하는 사물은 몇 개일거라 예측했나?,260억 개,128억 달러
한국이 무시한 일본 측의 주장은?,불화 수소,수상 아베 신조
니콜라 요셉이 벨기에에 돌아가도록 결정적인 영향을 준 기사를 내보낸 사람은?,앙리 블랑슈,파리 음악잡지의 편집장인 앙리 블랑슈
조선역사를 수호하는데 위기를 제공한 사람은?,석유재벌 '마그넷 주니어',고구려
셰익스피어의 <<실수 연발>>에서 두 쌍의 쌍둥이 형제들이 재회하는 장소는?,프레드릭 공작은 딸 실리아의 간청으로 조카 로절린드만은 궁,에베소
분류 작업 중 일정한 시점에 미리 종료함으로써 속도를 올릴 수 있는 것은?,반응성이 큰 중간체의 농도,가속화 분류기
이규완이 강원도에 철도 건설을 제안할 당시 직책은 무엇이었는가?,강원도 관찰사,"강원도관찰사로 재임 당시 그는 춘천을 중심으로 한 경성(서울)∼양양과 원주∼금화(철원)를 잇는 열십자(十)형 철도 부설 계획을 세웠다. 그러나 한일 합방 조약으로 그의 계획은 수포로 돌아간다.\n\n1910년(융희 4년) 10월 1일 한일 합방이 되자 그는 이를 당연한 것으로 여겼다. 평소 '게으른 본성'을 가진 조선민족에게 독립될 자격이 없다고 확신했던 그는 , 한일 합방을 조선인의 게으름과 탐욕, 부패함이 불러낸 당연한 결과물로 인식하였다. 10월 1일 한일 합방 조약 체결과 동시에 그는 조선총독부고등관에 임용되고 강원도도장관"
기븐 가의 첫째 아들은 누구인가?,니,이선 앨런
기독교와 메시아에 대한 생각이 다른 사람들은?,유태인,유대 기독교인
마켓가든 작전을 다룬 작품은?,《몰타의 유대인》,이라크 전쟁
도룡뇽이 수분 증발을 예방하고 몸이 마르지 않도록 내뿜는 것은?,열,차가운 점액
코페르니쿠스가 겨울 학기에 등록한 대학은 무슨 대학으로 불리기도 하는가?,파도바 대학,크라쿠프 대학
미나미 칸토 대회에서 구마가야 고등학교의 1차전 상대 학교는?,PL가쿠엔 고등학교,도야마 상업고등학교
경찰은 어떤 기관의 GPS를 이용하여 오원춘을 체포할 수 있었나요?,소방방재센터,IDEAS 2004 전시회
윤치호가 '질곡의 인디아' 저자를 만났던 해는?,1899년,1934년
제임스 와트와 같은 역사적인 발명가를 배출한 곳은 어디인가요?,글래스고 대학교,공장
오가키로 향하는 아보시 발 도카이도 본선 기차를 운영하는 때는?,'문 라이너 나가라',3편
하이네스에게 화염의 힘을 받은 인물은 누구인가요?,거인,조조
제2군에 참여한 일본의 유명인사 중 군인 신분으로 참여한 사람은 누구인가?,유재흥,아더 필립(Arthur Phillip)
국사가 국내 인부 동원의 권한을 얻는 계기가 된 사건이 일어난 곳은?,추포관부,북 리치몬드
영화 <제7의 봉인>의 제목의 모티브가 된 것은?,흑사병,《모비딕》
나카무라 번이 메이지 정부에 굴복하게 된 결투의 이름은 무엇인가요?,보신 전쟁,아이즈 전쟁
금동관음보살입상이 처음 발견된곳으로 추정되는곳은?,경상남도 의령군 대의면,실험실
대성전의 전면 퇴칸을 제외한 면에 만들어진 것은?,감실(龕室:불상을 모셔두는 방),측면
홉베마의 스승은 누구인가요?,호넨,마니 바드라라는 브라만
유럽에서 두 번째로 큰 국가에는 몇 개의 국립공원이 존재하는가?,독일,중국
선생님에게 창씨개명을 하지 않겠다고 한 사람은?,이경희,김수환
마가렛의 모친은 어떤 나라의 왕족이었나?,발해,잉글랜드 왕국
장면이 가족과 떨어져 거처를 옮긴 곳은?,포룸 로마눔,이마가와야카타(今川館)
이경언이 사망한 장소는?,폐암,강화부
